{
  "train_loss": [
    1.1274957926185043,
    1.1366374837027655,
    1.0199935091866388
  ],
  "val_mae": [
    1.7417855203264248,
    1.4925379294306185,
    1.7151793769962729
  ],
  "val_rmse": [
    2.021896098540927,
    1.749046063096085,
    2.0003052011784206
  ]
}