{
  "train_loss": [
    1.214598920610216,
    1.0395889778931935,
    0.9387781143188476,
    0.9444381448957655,
    0.8681432061725193
  ],
  "val_mae": [
    1.3220396649330577,
    1.2662749249015897,
    1.2926899037142778,
    1.373623924910601,
    1.4283141173813727
  ],
  "val_rmse": [
    1.667843722914544,
    1.6890495777302668,
    1.706594747076215,
    1.760688290832844,
    1.814303823336902
  ]
}